{"total_revenue": 1974320300.1678672, "total_orders": 100000, "avg_rating": 3.851274920108572, "return_rate": 4.926}